abn,charity_legal_name,subtype,rule_id,rule_status,pattern
58759536503,Ajani Neighbourhood House Inc.,neighbourhood_house,NH-NAME-01,whitelisted,neighbourhood house|neighborhood house
38248146719,Allwood Neighbourhood House Incorporated,neighbourhood_house,NH-NAME-01,whitelisted,neighbourhood house|neighborhood house
93919125862,Angliss Neighbourhood House,neighbourhood_house,NH-NAME-01,whitelisted,neighbourhood house|neighborhood house
78941184276,Ararat Neighbourhood House,neighbourhood_house,NH-NAME-01,whitelisted,neighbourhood house|neighborhood house
47588370196,Australian Neighbourhood Houses and Centres Association (ANHCA),neighbourhood_house,NH-NAME-01,whitelisted,neighbourhood house|neighborhood house
70932199358,Avenel Neighbourhood House Inc,neighbourhood_house,NH-NAME-01,whitelisted,neighbourhood house|neighborhood house
22762469739,Avenue Neighbourhood House At Eley Inc.,neighbourhood_house,NH-NAME-01,whitelisted,neighbourhood house|neighborhood house
77908530391,Bairnsdale Neighbourhood House Inc,neighbourhood_house,NH-NAME-01,whitelisted,neighbourhood house|neighborhood house
55169624154,Ballarat East Neighbourhood House Inc.,neighbourhood_house,NH-NAME-01,whitelisted,neighbourhood house|neighborhood house
63808876357,Ballarat North Neighbourhood House Inc.,neighbourhood_house,NH-NAME-01,whitelisted,neighbourhood house|neighborhood house
79957766202,Bandiana Neighbourhood House Inc,neighbourhood_house,NH-NAME-01,whitelisted,neighbourhood house|neighborhood house
12859264155,Belgium Avenue Neighbourhood House Incorporated,neighbourhood_house,NH-NAME-01,whitelisted,neighbourhood house|neighborhood house
27675966331,Bennettswood Neighbourhood House Inc,neighbourhood_house,NH-NAME-01,whitelisted,neighbourhood house|neighborhood house
18360937100,Birallee Park Neighbourhood House Inc,neighbourhood_house,NH-NAME-01,whitelisted,neighbourhood house|neighborhood house
14341511898,Birchip Neighbourhood House Incorporated,neighbourhood_house,NH-NAME-01,whitelisted,neighbourhood house|neighborhood house
48645401836,Blackburn North Neighbourhood House Inc,neighbourhood_house,NH-NAME-01,whitelisted,neighbourhood house|neighborhood house
55543652751,Box Hill South Neighbourhood House,neighbourhood_house,NH-NAME-01,whitelisted,neighbourhood house|neighborhood house
73967833454,Braybrook And Maidstone Neighbourhood House Incorporated,neighbourhood_house,NH-NAME-01,whitelisted,neighbourhood house|neighborhood house
40607578823,Brentwood Park Neighbourhood House Inc.,neighbourhood_house,NH-NAME-01,whitelisted,neighbourhood house|neighborhood house
85289458437,Brunswick Neighbourhood House Incorporated,neighbourhood_house,NH-NAME-01,whitelisted,neighbourhood house|neighborhood house
83855075148,Burwood Neighbourhood House Inc,neighbourhood_house,NH-NAME-01,whitelisted,neighbourhood house|neighborhood house
96376374241,CENTRAL HIGHLANDS ASSOCIATION OF NEIGHBOURHOOD HOUSES INCORPORATED,neighbourhood_house,NH-NAME-01,whitelisted,neighbourhood house|neighborhood house
62755237375,CHARLTON NEIGHBOURHOOD HOUSE INC,neighbourhood_house,NH-NAME-01,whitelisted,neighbourhood house|neighborhood house
83312797249,Clota Cottage Neighbourhood House Inc,neighbourhood_house,NH-NAME-01,whitelisted,neighbourhood house|neighborhood house
14982753940,Clunes Neighbourhood House Inc,neighbourhood_house,NH-NAME-01,whitelisted,neighbourhood house|neighborhood house
58736361652,Cohuna Neighbourhood House Incorporated,neighbourhood_house,NH-NAME-01,whitelisted,neighbourhood house|neighborhood house
38793076812,Corryong Neighbourhood House Inc,neighbourhood_house,NH-NAME-01,whitelisted,neighbourhood house|neighborhood house
88080930652,Dallas Neighbourhood House Association Incorporated,neighbourhood_house,NH-NAME-01,whitelisted,neighbourhood house|neighborhood house
53965567259,Darley Neighbourhood House And Learning Centre Inc.,neighbourhood_house,NH-NAME-01,whitelisted,neighbourhood house|neighborhood house
74190898522,Dunalley Tasman Neighbourhood House Inc,neighbourhood_house,NH-NAME-01,whitelisted,neighbourhood house|neighborhood house
97858169951,East Gippsland Network Of Neighbourhood Houses Inc,neighbourhood_house,NH-NAME-01,whitelisted,neighbourhood house|neighborhood house
43374311705,Echuca Neighbourhood House Inc,neighbourhood_house,NH-NAME-01,whitelisted,neighbourhood house|neighborhood house
23548119282,Fawkner Neighbourhood House Incorporated,neighbourhood_house,NH-NAME-01,whitelisted,neighbourhood house|neighborhood house
79638475908,Finbar Neighbourhood House Inc.,neighbourhood_house,NH-NAME-01,whitelisted,neighbourhood house|neighborhood house
99722497212,Fingal Valley Neighbourhood House,neighbourhood_house,NH-NAME-01,whitelisted,neighbourhood house|neighborhood house
93394556254,Fitzroy Neighbourhood House Incorporated,neighbourhood_house,NH-NAME-01,whitelisted,neighbourhood house|neighborhood house
75331279761,Forrest & District Neighbourhood House,neighbourhood_house,NH-NAME-01,whitelisted,neighbourhood house|neighborhood house
69854919263,Gawler Neighbourhood House Inc,neighbourhood_house,NH-NAME-01,whitelisted,neighbourhood house|neighborhood house
56428262936,Geelong West Neighbourhood House Incorporated,neighbourhood_house,NH-NAME-01,whitelisted,neighbourhood house|neighborhood house
79946603764,George Town Neighbourhood House Inc,neighbourhood_house,NH-NAME-01,whitelisted,neighbourhood house|neighborhood house
17827193183,Goonawarra Neighbourhood House Inc,neighbourhood_house,NH-NAME-01,whitelisted,neighbourhood house|neighborhood house
47934317670,Halls Gap Neighbourhood House Inc,neighbourhood_house,NH-NAME-01,whitelisted,neighbourhood house|neighborhood house
15398624647,Holden Street Neighbourhood House Inc,neighbourhood_house,NH-NAME-01,whitelisted,neighbourhood house|neighborhood house
64972569267,Hopetoun & District Neighbourhood House Inc.,neighbourhood_house,NH-NAME-01,whitelisted,neighbourhood house|neighborhood house
54551858246,Horsham Neighbourhood House Inc.,neighbourhood_house,NH-NAME-01,whitelisted,neighbourhood house|neighborhood house
93252863062,Japara Neighbourhood House Inc,neighbourhood_house,NH-NAME-01,whitelisted,neighbourhood house|neighborhood house
74489791023,Kensington Neighbourhood House Inc.,neighbourhood_house,NH-NAME-01,whitelisted,neighbourhood house|neighborhood house
15192371415,Kerrie Neighbourhood House Inc,neighbourhood_house,NH-NAME-01,whitelisted,neighbourhood house|neighborhood house
90162906419,Kerrimuir Neighbourhood House Inc,neighbourhood_house,NH-NAME-01,whitelisted,neighbourhood house|neighborhood house
51701160084,Kinglake Ranges Neighbourhood House Inc,neighbourhood_house,NH-NAME-01,whitelisted,neighbourhood house|neighborhood house
19225462190,Kingston Neighbourhood House,neighbourhood_house,NH-NAME-01,whitelisted,neighbourhood house|neighborhood house
20882869416,Kororoit Creek Neighbourhood House Incorporated,neighbourhood_house,NH-NAME-01,whitelisted,neighbourhood house|neighborhood house
71135651977,Kununurra Neighbourhood House Inc,neighbourhood_house,NH-NAME-01,whitelisted,neighbourhood house|neighborhood house
84804281818,LINK NEIGHBOURHOOD HOUSE INC,neighbourhood_house,NH-NAME-01,whitelisted,neighbourhood house|neighborhood house
77457495380,Lakes Entrance Neighbourhood House Inc,neighbourhood_house,NH-NAME-01,whitelisted,neighbourhood house|neighborhood house
54137744795,Lalor Neighbourhood House Inc,neighbourhood_house,NH-NAME-01,whitelisted,neighbourhood house|neighborhood house
54269033662,Lancefield Neighbourhood House Inc,neighbourhood_house,NH-NAME-01,whitelisted,neighbourhood house|neighborhood house
82368708511,Maffra Neighbourhood House Inc.,neighbourhood_house,NH-NAME-01,whitelisted,neighbourhood house|neighborhood house
15821557507,Marong Neighbourhood House Inc.,neighbourhood_house,NH-NAME-01,whitelisted,neighbourhood house|neighborhood house
81447575268,Moe Neighbourhood House Inc,neighbourhood_house,NH-NAME-01,whitelisted,neighbourhood house|neighborhood house
46371331674,Mordialloc Neighbourhood House Inc,neighbourhood_house,NH-NAME-01,whitelisted,neighbourhood house|neighborhood house
41258723006,Morwell Neighbourhood House (Inc 3256),neighbourhood_house,NH-NAME-01,whitelisted,neighbourhood house|neighborhood house
55602732315,Mount Eliza Neighbourhood House Inc.,neighbourhood_house,NH-NAME-01,whitelisted,neighbourhood house|neighborhood house
54013365747,Mount Street Neighbourhood House Inc.,neighbourhood_house,NH-NAME-01,whitelisted,neighbourhood house|neighborhood house
70848798001,Moy-Yan Neighbourhood House Inc.,neighbourhood_house,NH-NAME-01,whitelisted,neighbourhood house|neighborhood house
13456244825,Murtoa & District Neighbourhood House Inc.,neighbourhood_house,NH-NAME-01,whitelisted,neighbourhood house|neighborhood house
43226845853,NEIGHBOURHOOD HOUSES BARWON INCORPORATED,neighbourhood_house,NH-NAME-01,whitelisted,neighbourhood house|neighborhood house
67462264917,Neighbourhood House Murchison (Vic) Incorporated,neighbourhood_house,NH-NAME-01,whitelisted,neighbourhood house|neighborhood house
95897499497,Neighbourhood Houses Tasmania Inc.,neighbourhood_house,NH-NAME-01,whitelisted,neighbourhood house|neighborhood house
30174498896,Neighbourhood Houses Victoria Inc.,neighbourhood_house,NH-NAME-01,whitelisted,neighbourhood house|neighborhood house
55057421523,New School Of Arts Neighbourhood House Inc,neighbourhood_house,NH-NAME-01,whitelisted,neighbourhood house|neighborhood house
57055320737,Nhill Neighbourhood House Learning Centre Inc,neighbourhood_house,NH-NAME-01,whitelisted,neighbourhood house|neighborhood house
26424383517,North Carlton Railway Station Neighbourhood House Incorporated,neighbourhood_house,NH-NAME-01,whitelisted,neighbourhood house|neighborhood house
19516894342,North East Neighbourhood House Network  Incorporated,neighbourhood_house,NH-NAME-01,whitelisted,neighbourhood house|neighborhood house
86927229562,North West Neighbourhood House Network Inc,neighbourhood_house,NH-NAME-01,whitelisted,neighbourhood house|neighborhood house
84005101242,Olympic Neighbourhood House Incorporated,neighbourhood_house,NH-NAME-01,whitelisted,neighbourhood house|neighborhood house
65841086966,Open Door Neighbourhood House Inc.,neighbourhood_house,NH-NAME-01,whitelisted,neighbourhood house|neighborhood house
91514980522,Orana Neighbourhood House Inc,neighbourhood_house,NH-NAME-01,whitelisted,neighbourhood house|neighborhood house
34587164944,Outlets Co-Operative Neighbourhood House Limited,neighbourhood_house,NH-NAME-01,whitelisted,neighbourhood house|neighborhood house
82527177936,PRESTON NEIGHBOURHOOD HOUSE INC AS THE OPERATOR OF A PBI,neighbourhood_house,NH-NAME-01,whitelisted,neighbourhood house|neighborhood house
72363815957,Phoenix Park Neighbourhood House Inc.,neighbourhood_house,NH-NAME-01,whitelisted,neighbourhood house|neighborhood house
86078982172,Portarlington Neighbourhood House Inc,neighbourhood_house,NH-NAME-01,whitelisted,neighbourhood house|neighborhood house
99481532326,Power Neighbourhood House Inc.,neighbourhood_house,NH-NAME-01,whitelisted,neighbourhood house|neighborhood house
66801857062,Preston Neighbourhood House Inc,neighbourhood_house,NH-NAME-01,whitelisted,neighbourhood house|neighborhood house
83107219519,Pyalong Neighbourhood House Inc,neighbourhood_house,NH-NAME-01,whitelisted,neighbourhood house|neighborhood house
14394632315,Pyramid Hill Neighbourhood House Inc,neighbourhood_house,NH-NAME-01,whitelisted,neighbourhood house|neighborhood house
65700715581,Queenscliff And District Neighbourhood House Inc.,neighbourhood_house,NH-NAME-01,whitelisted,neighbourhood house|neighborhood house
26147917519,RIDDELLS CREEK NEIGHBOURHOOD HOUSE INC,neighbourhood_house,NH-NAME-01,whitelisted,neighbourhood house|neighborhood house
66571493753,Reservoir Neighbourhood House Inc.,neighbourhood_house,NH-NAME-01,whitelisted,neighbourhood house|neighborhood house
33220574847,Reynard Street Neighbourhood House Inc,neighbourhood_house,NH-NAME-01,whitelisted,neighbourhood house|neighborhood house
67090422375,Riverview Neighbourhood House Association Inc,neighbourhood_house,NH-NAME-01,whitelisted,neighbourhood house|neighborhood house
41686320154,Romsey Neighbourhood House,neighbourhood_house,NH-NAME-01,whitelisted,neighbourhood house|neighborhood house
83904152233,Rosebery Neighbourhood House Inc,neighbourhood_house,NH-NAME-01,whitelisted,neighbourhood house|neighborhood house
53336928219,Rosedale Neighbourhood House Inc,neighbourhood_house,NH-NAME-01,whitelisted,neighbourhood house|neighborhood house
86785799140,Sale Neighbourhood House Incorporated,neighbourhood_house,NH-NAME-01,whitelisted,neighbourhood house|neighborhood house
27367197694,Springvale Neighbourhood House Inc,neighbourhood_house,NH-NAME-01,whitelisted,neighbourhood house|neighborhood house
69565100345,St Helens Neighbourhood House Association Inc,neighbourhood_house,NH-NAME-01,whitelisted,neighbourhood house|neighborhood house
52434547659,St.Arnaud Neighbourhood House Inc,neighbourhood_house,NH-NAME-01,whitelisted,neighbourhood house|neighborhood house
62037104600,Starting Point Neighbourhood House Inc,neighbourhood_house,NH-NAME-01,whitelisted,neighbourhood house|neighborhood house
19171923631,Stawell Neighbourhood House Inc.,neighbourhood_house,NH-NAME-01,whitelisted,neighbourhood house|neighborhood house
11928572940,Sunbury Neighbourhood House Inc,neighbourhood_house,NH-NAME-01,whitelisted,neighbourhood house|neighborhood house
45620743392,Sussex Neighbourhood House Inc,neighbourhood_house,NH-NAME-01,whitelisted,neighbourhood house|neighborhood house
95353350558,Swan Hill Neighbourhood House Inc,neighbourhood_house,NH-NAME-01,whitelisted,neighbourhood house|neighborhood house
45892054982,Thomastown Neighbourhood House Incorporated,neighbourhood_house,NH-NAME-01,whitelisted,neighbourhood house|neighborhood house
67035907587,Trudewind Rd. Neighbourhood House,neighbourhood_house,NH-NAME-01,whitelisted,neighbourhood house|neighborhood house
23220058401,Ulverstone Neighbourhood House Inc,neighbourhood_house,NH-NAME-01,whitelisted,neighbourhood house|neighborhood house
93624077152,WIMMERA WEST GRAMPIANS NEIGHBOURHOOD HOUSE NETWORK COLLECTIVE INC,neighbourhood_house,NH-NAME-01,whitelisted,neighbourhood house|neighborhood house
23865395861,Warracknabeal Neighbourhood House And Learning Centre Inc.,neighbourhood_house,NH-NAME-01,whitelisted,neighbourhood house|neighborhood house
60189529683,Warrandyte Neighbourhood House Inc,neighbourhood_house,NH-NAME-01,whitelisted,neighbourhood house|neighborhood house
22400871456,Watsonia Neighbourhood House Inc,neighbourhood_house,NH-NAME-01,whitelisted,neighbourhood house|neighborhood house
20958151103,West Footscray Neighbourhood House Association Inc,neighbourhood_house,NH-NAME-01,whitelisted,neighbourhood house|neighborhood house
97689716244,Woodend Neighbourhood House Inc,neighbourhood_house,NH-NAME-01,whitelisted,neighbourhood house|neighborhood house
39126270641,Yarrawonga Neighbourhood House Incorporated,neighbourhood_house,NH-NAME-01,whitelisted,neighbourhood house|neighborhood house
NA,NA,neighbourhood_house,NH-NAME-01,whitelisted,neighbourhood house|neighborhood house
27950105846,Amaroo Neighbourhood Centre Inc,neighbourhood_house,NH-NAME-02,whitelisted,neighbourhood centre|neighborhood centre
98678590083,Armidale Neighbourhood Centre Inc,neighbourhood_house,NH-NAME-02,whitelisted,neighbourhood centre|neighborhood centre
62769398508,BURDEKIN NEIGHBOURHOOD CENTRE ASSOC INC,neighbourhood_house,NH-NAME-02,whitelisted,neighbourhood centre|neighborhood centre
79868780589,Ballarat Neighbourhood Centre Inc,neighbourhood_house,NH-NAME-02,whitelisted,neighbourhood centre|neighborhood centre
58290659800,Barkuma Neighbourhood Centre Inc,neighbourhood_house,NH-NAME-02,whitelisted,neighbourhood centre|neighborhood centre
73997917961,Bathurst Information And Neighbourhood Centre Incorporated,neighbourhood_house,NH-NAME-02,whitelisted,neighbourhood centre|neighborhood centre
84954869011,Beaconsfield Neighbourhood Centre Incorporated,neighbourhood_house,NH-NAME-02,whitelisted,neighbourhood centre|neighborhood centre
95927678440,Bellambi Neighbourhood Centre Inc,neighbourhood_house,NH-NAME-02,whitelisted,neighbourhood centre|neighborhood centre
53112764218,Belmont Neighbourhood Centre Inc,neighbourhood_house,NH-NAME-02,whitelisted,neighbourhood centre|neighborhood centre
39306197523,Berkeley Vale Neighbourhood Centre Assoc Inc,neighbourhood_house,NH-NAME-02,whitelisted,neighbourhood centre|neighborhood centre
26496078545,Berwick Neighbourhood Centre Inc,neighbourhood_house,NH-NAME-02,whitelisted,neighbourhood centre|neighborhood centre
83058109149,Blackheath Area Neighbourhood Centre Inc,neighbourhood_house,NH-NAME-02,whitelisted,neighbourhood centre|neighborhood centre
12343148748,Braitling Neighbourhood Centre Inc,neighbourhood_house,NH-NAME-02,whitelisted,neighbourhood centre|neighborhood centre
82778610723,Bundaberg & District Neighbourhood Centre Inc,neighbourhood_house,NH-NAME-02,whitelisted,neighbourhood centre|neighborhood centre
62952204433,CROOKWELL NEIGHBOURHOOD CENTRE INC AS THE OPERATOR OF A PBI,neighbourhood_house,NH-NAME-02,whitelisted,neighbourhood centre|neighborhood centre
49069600375,Camden Haven Neighbourhood Centre Incorporated - Inc9886136,neighbourhood_house,NH-NAME-02,whitelisted,neighbourhood centre|neighborhood centre
90896989116,Canterbury Neighbourhood Centre Inc,neighbourhood_house,NH-NAME-02,whitelisted,neighbourhood centre|neighborhood centre
47864870641,Churchill Neighbourhood Centre Inc,neighbourhood_house,NH-NAME-02,whitelisted,neighbourhood centre|neighborhood centre
82553286521,Clarendon Vale Neighbourhood Centre Inc,neighbourhood_house,NH-NAME-02,whitelisted,neighbourhood centre|neighborhood centre
98398134397,Coonamble Neighbourhood Centre,neighbourhood_house,NH-NAME-02,whitelisted,neighbourhood centre|neighborhood centre
37152608106,Cowra Information & Neighbourhood Centre Inc,neighbourhood_house,NH-NAME-02,whitelisted,neighbourhood centre|neighborhood centre
72933882251,Creswick Neighbourhood Centre Inc,neighbourhood_house,NH-NAME-02,whitelisted,neighbourhood centre|neighborhood centre
17677860390,Crookwell Neighbourhood Centre Inc,neighbourhood_house,NH-NAME-02,whitelisted,neighbourhood centre|neighborhood centre
94074039107,DUNOLLY & DISTRICT NEIGHBOURHOOD CENTRE INCORPORATED,neighbourhood_house,NH-NAME-02,whitelisted,neighbourhood centre|neighborhood centre
91523232008,Daylesford Neighbourhood Centre Inc,neighbourhood_house,NH-NAME-02,whitelisted,neighbourhood centre|neighborhood centre
59915696709,Deception Bay Neighbourhood Centre Incorporated,neighbourhood_house,NH-NAME-02,whitelisted,neighbourhood centre|neighborhood centre
71463442675,Dingley Village Neighbourhood Centre Inc,neighbourhood_house,NH-NAME-02,whitelisted,neighbourhood centre|neighborhood centre
86648041219,Dixon House Neighbourhood Centre,neighbourhood_house,NH-NAME-02,whitelisted,neighbourhood centre|neighborhood centre
74649779047,Dubbo Neighbourhood Centre Ltd.,neighbourhood_house,NH-NAME-02,whitelisted,neighbourhood centre|neighborhood centre
41090147242,Dundas Area Neighbourhood Centre Inc,neighbourhood_house,NH-NAME-02,whitelisted,neighbourhood centre|neighborhood centre
26536819266,Edgeworth Memorial Neighbourhood Centre Incorporated,neighbourhood_house,NH-NAME-02,whitelisted,neighbourhood centre|neighborhood centre
24282113607,Forster Neighbourhood Centre Inc,neighbourhood_house,NH-NAME-02,whitelisted,neighbourhood centre|neighborhood centre
56563914425,GUYRA NEIGHBOURHOOD CENTRE INC,neighbourhood_house,NH-NAME-02,whitelisted,neighbourhood centre|neighborhood centre
43068163020,George Street Neighbourhood Centre Association Inc,neighbourhood_house,NH-NAME-02,whitelisted,neighbourhood centre|neighborhood centre
46420019505,Glossodia Community Information & Neighbourhood Centre Inc,neighbourhood_house,NH-NAME-02,whitelisted,neighbourhood centre|neighborhood centre
24573800137,Gundagai Neighbourhood Centre Inc,neighbourhood_house,NH-NAME-02,whitelisted,neighbourhood centre|neighborhood centre
98164051946,Harlaxton Neighbourhood Centre Inc,neighbourhood_house,NH-NAME-02,whitelisted,neighbourhood centre|neighborhood centre
77841881997,KARINGAL NEIGHBOURHOOD CENTRE (INC),neighbourhood_house,NH-NAME-02,whitelisted,neighbourhood centre|neighborhood centre
25223500618,Kariong Neighbourhood Centre Inc,neighbourhood_house,NH-NAME-02,whitelisted,neighbourhood centre|neighborhood centre
46866760971,Katanning Neighbourhood Centre,neighbourhood_house,NH-NAME-02,whitelisted,neighbourhood centre|neighborhood centre
64282712328,Kempsey Neighbourhood Centre Inc,neighbourhood_house,NH-NAME-02,whitelisted,neighbourhood centre|neighborhood centre
58950389502,Kincumber Neighbourhood Centre Inc,neighbourhood_house,NH-NAME-02,whitelisted,neighbourhood centre|neighborhood centre
49171540646,Kirribilli Neighbourhood Centre Co-Operative Ltd,neighbourhood_house,NH-NAME-02,whitelisted,neighbourhood centre|neighborhood centre
22874067312,Ku-Ring-Gai Neighbourhood Centre Ltd,neighbourhood_house,NH-NAME-02,whitelisted,neighbourhood centre|neighborhood centre
31175063234,Lithgow Information and Neighbourhood Centre Limited,neighbourhood_house,NH-NAME-02,whitelisted,neighbourhood centre|neighborhood centre
96338770590,Lockyer Information & Neighbourhood Centre Incorporated,neighbourhood_house,NH-NAME-02,whitelisted,neighbourhood centre|neighborhood centre
90490589603,Long Gully Neighbourhood Centre,neighbourhood_house,NH-NAME-02,whitelisted,neighbourhood centre|neighborhood centre
14525618327,Maldon Neighbourhood Centre Inc,neighbourhood_house,NH-NAME-02,whitelisted,neighbourhood centre|neighborhood centre
33095644692,Maleny Neighbourhood Centre Assoc Inc,neighbourhood_house,NH-NAME-02,whitelisted,neighbourhood centre|neighborhood centre
27072698710,Marlin Coast Neighbourhood Centre Inc,neighbourhood_house,NH-NAME-02,whitelisted,neighbourhood centre|neighborhood centre
43384302100,Maroochy Neighbourhood Centre Inc,neighbourhood_house,NH-NAME-02,whitelisted,neighbourhood centre|neighborhood centre
39098557797,Mid Richmond Neighbourhood Centre Inc,neighbourhood_house,NH-NAME-02,whitelisted,neighbourhood centre|neighborhood centre
50305136893,Midway Point Neighbourhood Centre Inc,neighbourhood_house,NH-NAME-02,whitelisted,neighbourhood centre|neighborhood centre
45819365906,Moranbah Neighbourhood Centre Association,neighbourhood_house,NH-NAME-02,whitelisted,neighbourhood centre|neighborhood centre
45822826976,Mount Beauty Neighbourhood Centre Inc,neighbourhood_house,NH-NAME-02,whitelisted,neighbourhood centre|neighborhood centre
71683872431,Mount Isa Family Support Service & Neighbourhood Centre Inc,neighbourhood_house,NH-NAME-02,whitelisted,neighbourhood centre|neighborhood centre
88628199635,Mullumbimby & District Neighbourhood Centre Inc,neighbourhood_house,NH-NAME-02,whitelisted,neighbourhood centre|neighborhood centre
99877852971,Multicultural Neighbourhood Centre Inc,neighbourhood_house,NH-NAME-02,whitelisted,neighbourhood centre|neighborhood centre
42616549198,Myrtleford Neighbourhood Centre,neighbourhood_house,NH-NAME-02,whitelisted,neighbourhood centre|neighborhood centre
53062114001,Nabiac Memorial Neighbourhood Centre Association Inc,neighbourhood_house,NH-NAME-02,whitelisted,neighbourhood centre|neighborhood centre
78155350847,Neighbourhood Centre Caboolture Inc,neighbourhood_house,NH-NAME-02,whitelisted,neighbourhood centre|neighborhood centre
77506593314,Neighbourhood Centre In Greenhills Inc,neighbourhood_house,NH-NAME-02,whitelisted,neighbourhood centre|neighborhood centre
43986845742,Neighbourhood Centre Maryborough Inc,neighbourhood_house,NH-NAME-02,whitelisted,neighbourhood centre|neighborhood centre
55675124337,Neighbourhood Centres Queensland Inc,neighbourhood_house,NH-NAME-02,whitelisted,neighbourhood centre|neighborhood centre
46636213835,Neighbourhood Centres of Bellingen Shire Inc,neighbourhood_house,NH-NAME-02,whitelisted,neighbourhood centre|neighborhood centre
53345862519,Nerang Neighbourhood Centre Inc,neighbourhood_house,NH-NAME-02,whitelisted,neighbourhood centre|neighborhood centre
59755293063,Newman Neighbourhood Centre Inc,neighbourhood_house,NH-NAME-02,whitelisted,neighbourhood centre|neighborhood centre
96884462833,Newtown Neighbourhood Centre Incorporated,neighbourhood_house,NH-NAME-02,whitelisted,neighbourhood centre|neighborhood centre
21236030938,North & West Melbourne Neighbourhood Centre Inc,neighbourhood_house,NH-NAME-02,whitelisted,neighbourhood centre|neighborhood centre
88606427834,Palm Beach Neighbourhood Centre Inc.,neighbourhood_house,NH-NAME-02,whitelisted,neighbourhood centre|neighborhood centre
22590431615,Paynesville Neighbourhood Centre Inc,neighbourhood_house,NH-NAME-02,whitelisted,neighbourhood centre|neighborhood centre
89592910624,Port Macquarie Neighbourhood Centre Inc,neighbourhood_house,NH-NAME-02,whitelisted,neighbourhood centre|neighborhood centre
30631542574,Pottsville Beach Neighbourhood Centre Inc,neighbourhood_house,NH-NAME-02,whitelisted,neighbourhood centre|neighborhood centre
21614729817,Puckapunyal And District Neighbourhood Centre Inc,neighbourhood_house,NH-NAME-02,whitelisted,neighbourhood centre|neighborhood centre
59712143650,Rainbow Coast Neighbourhood Centre Incorporated,neighbourhood_house,NH-NAME-02,whitelisted,neighbourhood centre|neighborhood centre
22459039614,Reynella Neighbourhood Centre Inc,neighbourhood_house,NH-NAME-02,whitelisted,neighbourhood centre|neighborhood centre
59709547292,Richmond Neighbourhood Centre Inc,neighbourhood_house,NH-NAME-02,whitelisted,neighbourhood centre|neighborhood centre
33320413752,Risdon Vale Neighbourhood Centre Inc,neighbourhood_house,NH-NAME-02,whitelisted,neighbourhood centre|neighborhood centre
81638817543,Rokeby Neighbourhood Centre Inc,neighbourhood_house,NH-NAME-02,whitelisted,neighbourhood centre|neighborhood centre
94771994194,Roma Neighbourhood Centre Inc,neighbourhood_house,NH-NAME-02,whitelisted,neighbourhood centre|neighborhood centre
36981897172,Rosewall Neighbourhood Centre Inc.,neighbourhood_house,NH-NAME-02,whitelisted,neighbourhood centre|neighborhood centre
57016045446,Rostrata Family and Neighbourhood Centre Incorporated,neighbourhood_house,NH-NAME-02,whitelisted,neighbourhood centre|neighborhood centre
59466948172,STRATH NEIGHBOURHOOD CENTRE INCORPORATED,neighbourhood_house,NH-NAME-02,whitelisted,neighbourhood centre|neighborhood centre
57700289690,San Remo Neighbourhood Centre Incorporated,neighbourhood_house,NH-NAME-02,whitelisted,neighbourhood centre|neighborhood centre
88376557826,Sherwood Neighbourhood Centre Inc,neighbourhood_house,NH-NAME-02,whitelisted,neighbourhood centre|neighborhood centre
57493320980,Singleton Neighborhood Centre Inc,neighbourhood_house,NH-NAME-02,whitelisted,neighbourhood centre|neighborhood centre
76044823633,South Lake Ottey Family And Neighbourhood Centre Incorporated,neighbourhood_house,NH-NAME-02,whitelisted,neighbourhood centre|neighborhood centre
21404220267,SpringDale Neighbourhood Centre Inc,neighbourhood_house,NH-NAME-02,whitelisted,neighbourhood centre|neighborhood centre
46383912486,Springwood Neighbourhood Centre Co-Operative Ltd,neighbourhood_house,NH-NAME-02,whitelisted,neighbourhood centre|neighborhood centre
64543404785,St David's Neighbourhood Centre,neighbourhood_house,NH-NAME-02,whitelisted,neighbourhood centre|neighborhood centre
85629719592,Surrey Hills Neighbourhood Centre,neighbourhood_house,NH-NAME-02,whitelisted,neighbourhood centre|neighborhood centre
65943080838,Surry Hills Neighbourhood Centre Incorporated,neighbourhood_house,NH-NAME-02,whitelisted,neighbourhood centre|neighborhood centre
82671225232,THE ENDEAVOUR HILLS NEIGHBOURHOOD CENTRE INC.,neighbourhood_house,NH-NAME-02,whitelisted,neighbourhood centre|neighborhood centre
14379862424,The Entrance Neighbourhood Centre Inc,neighbourhood_house,NH-NAME-02,whitelisted,neighbourhood centre|neighborhood centre
34683873965,The Hervey Bay Neighbourhood Centre Incorporated,neighbourhood_house,NH-NAME-02,whitelisted,neighbourhood centre|neighborhood centre
13231860321,The Junction Neighbourhood Centre Inc,neighbourhood_house,NH-NAME-02,whitelisted,neighbourhood centre|neighborhood centre
12023650124,Tomaree Neighbourhood Centre Inc,neighbourhood_house,NH-NAME-02,whitelisted,neighbourhood centre|neighborhood centre
64997484484,Toukley Neighbourhood Centre Inc,neighbourhood_house,NH-NAME-02,whitelisted,neighbourhood centre|neighborhood centre
72867562540,Trentham Neighbourhood Centre Inc,neighbourhood_house,NH-NAME-02,whitelisted,neighbourhood centre|neighborhood centre
82232776832,Tumut & District Neighbourhood Centre Inc,neighbourhood_house,NH-NAME-02,whitelisted,neighbourhood centre|neighborhood centre
96361627003,Uralla Neighbourhood Centre Incorporated,neighbourhood_house,NH-NAME-02,whitelisted,neighbourhood centre|neighborhood centre
80882715640,WENDOUREE NEIGHBOURHOOD CENTRE INC,neighbourhood_house,NH-NAME-02,whitelisted,neighbourhood centre|neighborhood centre
69069209785,WOOLGOOLGA NEIGHBOURHOOD CENTRE INC,neighbourhood_house,NH-NAME-02,whitelisted,neighbourhood centre|neighborhood centre
12709974739,Warilla Neighbourhood Centre Inc,neighbourhood_house,NH-NAME-02,whitelisted,neighbourhood centre|neighborhood centre
14297600520,Warragamba Silverdale Neighbourhood Centre Inc,neighbourhood_house,NH-NAME-02,whitelisted,neighbourhood centre|neighborhood centre
14750161219,Warrane Mornington Neighbourhood Centre Incorporated,neighbourhood_house,NH-NAME-02,whitelisted,neighbourhood centre|neighborhood centre
82441986299,Winmalee Neighbourhood Centre Inc,neighbourhood_house,NH-NAME-02,whitelisted,neighbourhood centre|neighborhood centre
31624496081,Wonthaggi Neighbourhood Centre @ Mitchell House Inc.,neighbourhood_house,NH-NAME-02,whitelisted,neighbourhood centre|neighborhood centre
82325680916,Woodbine Neighbourhood Centre Incorporated,neighbourhood_house,NH-NAME-02,whitelisted,neighbourhood centre|neighborhood centre
22039478233,Woodrising Neighbourhood Centre Incorporated,neighbourhood_house,NH-NAME-02,whitelisted,neighbourhood centre|neighborhood centre
47206509746,Wyong Neighborhood Centre Inc,neighbourhood_house,NH-NAME-02,whitelisted,neighbourhood centre|neighborhood centre
56234060187,Young Neighbourhood Centre,neighbourhood_house,NH-NAME-02,whitelisted,neighbourhood centre|neighborhood centre
98351635645,Zeehan Neighbourhood Centre Inc,neighbourhood_house,NH-NAME-02,whitelisted,neighbourhood centre|neighborhood centre
NA,NA,neighbourhood_house,NH-NAME-02,whitelisted,neighbourhood centre|neighborhood centre
62704931585,Anglesea Community House Inc,neighbourhood_house,NH-NAME-03,whitelisted,community house
65282972116,Arrabri Community House Inc,neighbourhood_house,NH-NAME-03,whitelisted,community house
28785686462,BURNIE COMMUNITY HOUSE INC,neighbourhood_house,NH-NAME-03,whitelisted,community house
29640483274,Ballan & District Community House & Adult Education Centre Inc,neighbourhood_house,NH-NAME-03,whitelisted,community house
59247453303,Briagolong Community House Inc,neighbourhood_house,NH-NAME-03,whitelisted,community house
31306230012,Bucaan Community House Inc,neighbourhood_house,NH-NAME-03,whitelisted,community house
86897088107,COMMUNITY HOUSE NETWORK SOUTHERN REGION INC,neighbourhood_house,NH-NAME-03,whitelisted,community house
58050183699,Camperdown And District Community House,neighbourhood_house,NH-NAME-03,whitelisted,community house
20112806357,Castlemaine Community House Incorporated,neighbourhood_house,NH-NAME-03,whitelisted,community house
50067356410,Caulfield South Community House,neighbourhood_house,NH-NAME-03,whitelisted,community house
15728968173,Christie Downs Community House Inc,neighbourhood_house,NH-NAME-03,whitelisted,community house
44233569937,Cobram Community House Inc,neighbourhood_house,NH-NAME-03,whitelisted,community house
93874114038,Community House Port Lincoln Inc,neighbourhood_house,NH-NAME-03,whitelisted,community house
88707400172,Community Houses Assn Of The Outer Eastern Suburbs Inc,neighbourhood_house,NH-NAME-03,whitelisted,community house
36889018916,Cranbourne Community House Inc,neighbourhood_house,NH-NAME-03,whitelisted,community house
13567174223,Crib Point Community House Incorporated,neighbourhood_house,NH-NAME-03,whitelisted,community house
28971221309,Derwent Valley Community House Inc,neighbourhood_house,NH-NAME-03,whitelisted,community house
74008665175,Devonport Community House Inc,neighbourhood_house,NH-NAME-03,whitelisted,community house
39072765885,Dromana Community House Inc,neighbourhood_house,NH-NAME-03,whitelisted,community house
35432137202,Duke Street Community House Association Inc.,neighbourhood_house,NH-NAME-03,whitelisted,community house
77964619381,EAGLEHAWK COMMUNITY HOUSE INCORPORATED,neighbourhood_house,NH-NAME-03,whitelisted,community house
43678002985,Emerald Community House Incorporated,neighbourhood_house,NH-NAME-03,whitelisted,community house
30127305127,Flowerdale Community House Inc,neighbourhood_house,NH-NAME-03,whitelisted,community house
41492247895,Friends of Community House Nannup Inc.,neighbourhood_house,NH-NAME-03,whitelisted,community house
99423107701,Gailes Community House Inc,neighbourhood_house,NH-NAME-03,whitelisted,community house
18525987435,Gellibrand Community House Incorporated,neighbourhood_house,NH-NAME-03,whitelisted,community house
18587256078,Godfrey Street Community House Inc,neighbourhood_house,NH-NAME-03,whitelisted,community house
90346006002,Gormandale Community House Inc,neighbourhood_house,NH-NAME-03,whitelisted,community house
71802588390,Hamilton Community House Incorp,neighbourhood_house,NH-NAME-03,whitelisted,community house
57930437561,Hastings Community House Inc,neighbourhood_house,NH-NAME-03,whitelisted,community house
60663568430,Heathcote Community House,neighbourhood_house,NH-NAME-03,whitelisted,community house
66446277089,Highett Neighbourhood Community House Inc,neighbourhood_house,NH-NAME-03,whitelisted,community house
70458594524,Inala Community House,neighbourhood_house,NH-NAME-03,whitelisted,community house
65010813131,Inverloch Community House Inc,neighbourhood_house,NH-NAME-03,whitelisted,community house
58670094051,Jim Fuller Community House Group,neighbourhood_house,NH-NAME-03,whitelisted,community house
64477522728,Karratha Community House Incorporated,neighbourhood_house,NH-NAME-03,whitelisted,community house
48180414316,Leongatha Community House,neighbourhood_house,NH-NAME-03,whitelisted,community house
68224216603,Lilydale Community House Incorporated,neighbourhood_house,NH-NAME-03,whitelisted,community house
83791622114,Loch Sport Community House Inc,neighbourhood_house,NH-NAME-03,whitelisted,community house
50871098274,MACEDON AND MOUNT MACEDON COMMUNITY HOUSE INCORPORATED,neighbourhood_house,NH-NAME-03,whitelisted,community house
65554350180,Management Committee Coonara Community House Inc,neighbourhood_house,NH-NAME-03,whitelisted,community house
46633550717,Manna Gum Community House Inc.,neighbourhood_house,NH-NAME-03,whitelisted,community house
14524323936,Maryborough Community House Inc,neighbourhood_house,NH-NAME-03,whitelisted,community house
61553922395,Midway Road Community House Inc,neighbourhood_house,NH-NAME-03,whitelisted,community house
84361485080,Milpara Community House Inc,neighbourhood_house,NH-NAME-03,whitelisted,community house
94427759044,Mitcham Community House Inc,neighbourhood_house,NH-NAME-03,whitelisted,community house
55805322867,Moongala Women's Community House Inc,neighbourhood_house,NH-NAME-03,whitelisted,community house
15446070543,Mooroolbark Community House Inc,neighbourhood_house,NH-NAME-03,whitelisted,community house
26458415851,Mount Evelyn Community House Inc,neighbourhood_house,NH-NAME-03,whitelisted,community house
37645422366,Nagambie Lakes Community House Inc,neighbourhood_house,NH-NAME-03,whitelisted,community house
68253536632,Neerim District Community House and Men's shed Inc.,neighbourhood_house,NH-NAME-03,whitelisted,community house
74084095496,Network Of Inner East Community Houses,neighbourhood_house,NH-NAME-03,whitelisted,community house
52014108708,North East Community House Incorporated,neighbourhood_house,NH-NAME-03,whitelisted,community house
78052679939,North Ringwood Community House Inc,neighbourhood_house,NH-NAME-03,whitelisted,community house
99433272191,Okines Community House Incorporated,neighbourhood_house,NH-NAME-03,whitelisted,community house
63299630286,Olinda Community House Inc,neighbourhood_house,NH-NAME-03,whitelisted,community house
27480740168,Orwil Street Community House Inc,neighbourhood_house,NH-NAME-03,whitelisted,community house
18790057404,Park Orchards Community House & Learning Centre Inc,neighbourhood_house,NH-NAME-03,whitelisted,community house
42415513916,Phoenix Community House Inc,neighbourhood_house,NH-NAME-03,whitelisted,community house
86583189320,Pomona & District Community House Inc,neighbourhood_house,NH-NAME-03,whitelisted,community house
54788599209,Pyrenees Community House Incorporated,neighbourhood_house,NH-NAME-03,whitelisted,community house
18633962142,RAINBOW COMMUNITY HOUSE LIMITED,neighbourhood_house,NH-NAME-03,whitelisted,community house
57191292511,RUSHWORTH COMMUNITY HOUSE INC,neighbourhood_house,NH-NAME-03,whitelisted,community house
96357376565,Rochester Community House Incorporated,neighbourhood_house,NH-NAME-03,whitelisted,community house
55460279116,Rosanna Fire Station Community House Inc,neighbourhood_house,NH-NAME-03,whitelisted,community house
68360898929,Rye Community House Inc,neighbourhood_house,NH-NAME-03,whitelisted,community house
49866954936,SEYMOUR & DISTRICT COMMUNITY HOUSE INC,neighbourhood_house,NH-NAME-03,whitelisted,community house
23553499345,Selby Community House,neighbourhood_house,NH-NAME-03,whitelisted,community house
47673738558,Somerville Community House Incorporated,neighbourhood_house,NH-NAME-03,whitelisted,community house
31113450724,South Shepparton Community House Inc,neighbourhood_house,NH-NAME-03,whitelisted,community house
52526420312,Span Community House Inc,neighbourhood_house,NH-NAME-03,whitelisted,community house
21831946718,Sudbury Community House Association Incorporated,neighbourhood_house,NH-NAME-03,whitelisted,community house
59445324671,Tatura Community House Inc,neighbourhood_house,NH-NAME-03,whitelisted,community house
11943299166,The Basin Community House Inc,neighbourhood_house,NH-NAME-03,whitelisted,community house
75742324851,The RAAF Army Navy Community House Incorporated,neighbourhood_house,NH-NAME-03,whitelisted,community house
66056449188,Toolangi Castella District Community House Inc,neighbourhood_house,NH-NAME-03,whitelisted,community house
54044843552,Torquay Community House Incorporated,neighbourhood_house,NH-NAME-03,whitelisted,community house
70246229631,Tullamarine Community House and Men's Shed Incorporated,neighbourhood_house,NH-NAME-03,whitelisted,community house
43784403225,VIOLET TOWN COMMUNITY HOUSE INC,neighbourhood_house,NH-NAME-03,whitelisted,community house
60776754115,Vermont South Community House Inc,neighbourhood_house,NH-NAME-03,whitelisted,community house
12794493795,WURRUK COMMUNITY HOUSE INC,neighbourhood_house,NH-NAME-03,whitelisted,community house
42206227757,Warragul Community House,neighbourhood_house,NH-NAME-03,whitelisted,community house
82167376746,Whittlesea Community House Inc,neighbourhood_house,NH-NAME-03,whitelisted,community house
98498608650,"William Langford Community House, Inc",neighbourhood_house,NH-NAME-03,whitelisted,community house
48932340254,Winchelsea Community House Inc.,neighbourhood_house,NH-NAME-03,whitelisted,community house
97069778990,Yarrahapinni Community House Incorporated,neighbourhood_house,NH-NAME-03,whitelisted,community house
NA,NA,neighbourhood_house,NH-NAME-03,whitelisted,community house
